﻿sep=$
TCS Internal

ASVS Type:$API ASVS
ASVS Version:$Version 1.0.0

S.No$Verification$ASVS Section$Sub Section$Question / Test Case$Category(Basic/Standard/Advanced)$Question Description
1$Authentication$Section 1$1.1.1$Verify that default accounts are not present (e.g. "root", "admin", or "sa").$Basic$Many software and technologies come with default accounts. eg. root Account in mysql. These should not be present.
2$Authentication$Section 1$1.1.2$Verify that the API is using standard authentication (e.g. JWT) instead of basic authentication.$Basic$Description not available
3$Authentication$Section 1$1.1.3$Verify that the API is generating random complicated key (JWT secret key) to prevent from brute force attack.$Standard$Check API is generating random API token or not.
4$Authentication$Section 1$1.1.4$Verify if the API employs short-lived access tokens that expire as soon as possible.$Standard$Check JWT token expiration (TTL, RTTL) as short as possible.  Decrypt the JWT token using JWT decrypter tool. Access token should be as short as possible (20-30 Mins)
5$Authentication$Section 1$1.1.5$Verify that JWT payload/session ID does not contain any sensitive data which can be decoded easily.$Standard$Decrypt the JWT token / Session ID through tool and try to Check JWT token /Session ID containing any sensitive data or not.
6$Authentication$Section 1$1.1.6$Verify that API implements standards authentication, token generation, password storage and Multi factor authentication.$Standard$Description not available
7$Authentication$Section 1$1.1.7$Verify that API implement lockout policies and weak password checks.$Basic$Verify After certain limit API is implementing lockout policies or not.    Also check API is checking weak password policies or not
8$Authentication$Section 1$1.1.8$Verify if authentication API is using Max Retry and Jail Safety mechanism in Login.$Standard$Max Retry and Jail Safety Mechanism, which means setting retries for authentication attempts and in case of failure, the user must be blocked for a certain amount of time.
9$Authentication$Section 1$1.1.9$Verify that users are not able to set previously used passwords.$Basic$Description not available
10$Access Control$Section 2$2.1.1$Verify that private APIs are allowed to access from whitelisted IPs/host only.$Standard$To check private APIs should be accessible through only whitelisted IPs / hosts
11$Access Control$Section 2$2.1.2$Verify that directory browsing is disabled. Additionally, API should not allow discovery or disclosure of file or directory metadata.$Standard$/../../../ can be used in URLs and file paths to check for directory browsing.
12$Access Control$Section 2$2.1.3$Modifying the parameters and fields used in URLs, APIs, HTTP request bodies should not allow access, updation, creation, deletion of someone else's data.$Basic$Description not available
13$Access Control$Section 2$2.1.4$Verify that APIs should not be accessible without authentication$Standard$Description not available
14$Access Control$Section 2$2.1.5$Verify User Enumeration$Basic$Verify that different server responses are not provided which might aid the Attacker in guessing or confirming valid users in the system.
15$Access Control$Section 2$2.1.6$Verify that the users can only access the functions, files, URLs, services for which they possess specific authorization.$Standard$Description not available
16$Access Control$Section 2$2.1.7$Verify that files should not be accessible without authentication$Standard$Verify that files (Images, files,...) should not be accessible without authentication
17$Input Output Validation$Section 3$3.1.1$Verity that API is using proper HTTP methods according to the operation like GET, POST, PUT/PATCH and DELETE and respond with 405 Method Not Allowed.$Standard$Description not available
18$Input Output Validation$Section 3$3.1.2$Validate content-type of posted data is in supported format only. (e.g. application/x-www-form-url encoded, multipart/form-data, application/json, etc).$Standard$Validate content-type on request Accept header (Content Negotiation) to allow only your supported format (e.g., application/xml, application/json, etc.) and respond with 406 Not Acceptable response if not matched.
19$Input Output Validation$Section 3$3.1.3$Validate user input to avoid common vulnerabilities like XSS.$Standard$Description not available
20$Input Output Validation$Section 3$3.1.4$Validate user input to avoid Remote Code Execution$Standard$Description not available
21$Input Output Validation$Section 3$3.1.5$Verify that URLs does not contain any sensitive data (credentials, Passwords, security tokens, or API keys)$Standard$"Sensitive data should not be sent in URL parameters. For example: https://www.example.com?Account_No=1667&Amount=10000
Here Account Number, Amount are the query string parameters."
22$Input Output Validation$Section 3$3.1.6$Verify that API Gateway service has enable caching, Rate Limit policies (e.g., Quota, Spike Arrest, or Concurrent Rate Limit) and deploy APIs resources dynamically.$Advanced$Description not available
23$Input Output Validation$Section 3$3.1.7$Verify that database use parameterized queries (e.g. SQL, HQL, ORM, NoSQL) to protect from database injection attacks.$Standard$Description not available
24$Input Output Validation$Section 3$3.1.8$Verify that API header/response does not contain sensitive data like credentials, passwords or security tokens.$Standard$Description not available
25$Input Output Validation$Section 3$3.1.9$Verify that the API is accepting "logically valid" data only at all input.$Basic$Verify that the API is accepting logically valid data only at all input. Verify that the API is not accepting "null" data at all input.
26$Input Output Validation$Section 3$3.1.10$Verify that unstructured data is sanitized to enforce safety measures.$Basic$Description not available
27$Log Requirements$Section 4$4.1.1$Verify API security events are gathered in logs, like login success or failures, input failures, access control events, IP addresses, denied access, input validation failure, export/downloads events or any failure in security policy checks.$Basic$Check the logs, log is storing log failed attempts, denied access, login successful
28$Log Requirements$Section 4$4.1.2$Verify that the API logs does not store any sensitive PII data. For Session token ensure data is stored in hashed format.$Basic$Check the logs, if sensitive data present like user ID, password, session IDs and other PII data of the user.
29$Log Requirements$Section 4$4.1.3$Verify that the API does not log other sensitive data as defined under local privacy laws or relevant security policy.$Standard$Description not available
30$Log Requirements$Section 4$4.1.4$Verify that platform protects logs as highly sensitive.$Standard$Description not available
31$Log Requirements$Section 4$4.1.5$Verify that a generic error message is shown in log file when an unexpected or security sensitive error occurs.$Basic$Description not available
32$API Security Requirements$Section 5$5.1.1$Verify that API disabled unnecessary or under development features in any API.$Basic$Description not available
33$API Security Requirements$Section 5$5.1.2$Verify that access to administration and management functions is limited to authorized administrators.$Basic$Description not available
34$API Security Requirements$Section 5$5.1.3$Verify encryption on all sensitive data.$Standard$Check all the sensitive data are encrypted or not
35$API Security Requirements$Section 5$5.1.4$Verify if API having validation at HTTP Host header$Standard$API should not response in case of invalid host header.
36$Configuration$Section 6$6.1.1$Verify that all components are up to date, preferably using a dependency checker during build or compile time.$Basic$All components used in API must be up to date.
37$Configuration$Section 6$6.1.2$Verify that Error Messages do not disclose unintended data. For eg: Server name, version, server-side code.$Standard$These additional details can aid the Attacker to find specific vulnerabilities.
38$Configuration$Section 6$6.1.3$Verify that all responses contain X-Content-Type-Options: nosniff.$Standard$X-Content-Type-Options: nosniff should be done to prevent MIME sniffing.
39$Configuration$Section 6$6.1.4$Verify that all responses contain X-Frame-Options: deny.$Standard$Description not available
40$Configuration$Section 6$6.1.5$Verify HTTPS on server side with TLS 1.2+ and secure ciphers to avoid MITM (Man in the Middle Attack).$Advanced$Description not available
41$Configuration$Section 6$6.1.6$Verify that cookie-based session tokens have the 'Secure', 'HttpOnly', 'SameSite' attribute set.$Basic$Check each response from the server and examine any Set-Cookie headers it includes to see if the Secure,HttpOnly,SameSite flags are set on the cookie.
42$Session Management$Section 7$7.1.1$Verify the API never reveals session tokens in URL parameters or error messages.$Basic$Description not available
43$Session Management$Section 7$7.1.2$Verify the authentication API generates a new session token on user authentication.$Basic$Description not available
44$Session Management$Section 7$7.1.3$Verify that session tokens possess at least 64 bits of entropy.$Standard$Description not available
45$Session Management$Section 7$7.1.4$Verify that the API terminates all other active sessions after a successful password change.$Basic$Description not available
46$Custom$Section 8$8.1.1$Verify if API is not working properly / having functional issue.$Basic$Description not available
47$Custom$Section 8$8.1.2$Verify if unwanted ports are open on the server using tools like NMAP.$Basic$Description not available
48$Custom$Section 8$8.1.3$Verify that UAT is not available on the Internet.$Basic$Description not available
49$Custom$Section 8$8.1.4$Verify that email is triggering after changing or forget password$Basic$API should trigger email after changing or forget password
50$Custom$Section 8$8.1.5$Verify Credentials/API Keys are not hardcoded in the API collection.$Basic$Description not available
51$Rate Limiting$Section 9$9.1.1$Verify that rate limiting is applied to each API based on either per-session or per-IP or based on other properties that are relevant$Standard$Description not available
52$Rate Limiting$Section 9$9.1.2$Verify the API has appropriate limits for specific business actions or transactions.$Basic$When the limit is reached the user can no longer execute the function.
53$Rate Limiting$Section 9$9.1.3$Verify that the API has control and protection against bulk requests or automated tool attack.$Basic$Description not available
54$File Uploads$Section 10$10.1.1$Verify that a file size quota and maximum number of files per user is enforced.$Basic$Number of files per user should be limited so that a single user cannot fill up the storage with too many files or large files.
55$File Uploads$Section 10$10.1.2$Verify that proper validation on file size is done on server side.$Basic$Excessively large files should not be allowed for upload.
56$File Uploads$Section 10$10.1.3$Verify if the file content is validated. Malicious content like scripts should not be allowed for direct upload.$Standard$Description not available
57$File Uploads$Section 10$10.1.4$Verify that the user submitted filename metadata should be validated or ignored as malicious file names might lead to disclosure, creation, updation of local files.$Standard$"Local File Inclusion (LFI), Remote File Inclusion (RFI) and Server Side Request Forgery (SSRF) should be prevented.
For eg: In the URL http://test.com?file=http://attack.com/backdoor.php if the file parameter is not properly sanitized it might lead to the execution of the backdoor"
58$Other$Other$Other$CSP Header value contain reflected xss value$Basic$Description not available
59$Other$Other$Other$error message not proper$Basic$Description not available
60$Other$Other$Other$CORS Misconfiguration$Basic$Description not available
61$Other$Other$Other$Access Control Allow Methods are visible in response$Basic$Description not available
62$Other$Other$Other$referer policy not set$Basic$Description not available
63$Other$Other$Other$Sensitive Information Disclosure - User ID Visible$Basic$Description not available
64$Other$Other$Other$Server Name Disclosure - Apache$Basic$Description not available
65$Other$Other$Other$Broken session management$Basic$Description not available
66$Other$Other$Other$CORS Misconfiguration$Basic$Description not available
67$Other$Other$Other$test 2.6.1$Basic$Description not available
68$Other$Other$Other$test 2.6.1$Basic$Description not available
69$Other$Other$Other$Improper Error Message$Basic$Description not available
70$Other$Other$Other$Misconfigured Content Type$Basic$Description not available
71$Other$Other$Other$referer policy not set$Basic$Description not available
72$Other$Other$Other$Verify that debugging mode is enabled$Basic$Description not available
73$Other$Other$Other$Authorization: Verify that the application ensures that data‑specific access is restricted to consumers with explicit permissions to specific data items to mitigate insecure direct object reference (IDOR) and broken object level authorization (BOLA).$Basic$Description not available
74$Other$Other$Other$Verify That All the Input Fields or Variables are being Validated before processing the request.$Basic$Description not available
75$Other$Other$Other$Verify that the application is not using any sensitive hardcoded (Like Bucket Name, URLs, etc).$Basic$Description not available
76$Other$Other$Other$Verify That Application is having Request Timeout and Rate limiting for each Request and API respectively. $Basic$Description not available
77$Other$Other$Other$No Proper Validation$Basic$Description not available
78$Other$Other$Other$Verify that code is not disclosing any sensitive data through print statement$Basic$Description not available
79$Other$Other$Other$Verify that proper logs are maintained$Basic$Description not available
80$Other$Other$Other$Sensitive Information Disclosure - User ID Visible$Basic$Description not available
81$Other$Other$Other$Server Name Disclosure - Apache$Basic$Description not available
82$Other$Other$Other$Broken session management$Basic$Description not available
83$Other$Other$Other$Application is not validating the Session and Authorization header.$Basic$Description not available
84$Other$Other$Other$Origin, Referer and Access Control headers are missing$Basic$Description not available
85$Other$Other$Other$HSTS header missing$Basic$Description not available
86$Other$Other$Other$Banner Grabbing$Basic$Description not available
87$Other$Other$Other$Information Disclosure via Allow method in response$Basic$Description not available
88$Other$Other$Other$Information Disclosure$Basic$Description not available
89$Other$Other$Other$HSTS header missing$Basic$Description not available
90$Other$Other$Other$We are able to access API using other consumer Oauth Token$Basic$Description not available
91$Other$Other$Other$Verify SameSite Attribute on Session Cookies$Basic$Description not available
92$Other$Other$Other$Improper Server Side Validation On Input Fields$Basic$Description not available
93$Other$Other$Other$Buffer Overflow In Input fields$Basic$Description not available
94$Other$Other$Other$Able To add Feeback multiple times for same prompt result $Basic$Description not available
95$Other$Other$Other$Verify that proper logs are maintained$Basic$Description not available
96$Other$Other$Other$Verify That All the Input Fields or Variables are being Validated before processing the request.$Basic$Description not available
97$Other$Other$Other$Verify That Application is having Request Timeout and Rate limiting for each Request and API respectively. $Basic$Description not available
98$Other$Other$Other$Verify that the application is not using any sensitive hardcoded (Like Bucket Name, URLs, etc).$Basic$Description not available
99$Other$Other$Other$No Proper Validation$Basic$Description not available
100$Other$Other$Other$Verify that debugging mode is enabled$Basic$Description not available
101$Other$Other$Other$Verify that code is not disclosing any sensitive data through print statement$Basic$Description not available
102$Other$Other$Other$Authorization: Verify that the application ensures that data‑specific access is restricted to consumers with explicit permissions to specific data items to mitigate insecure direct object reference (IDOR) and broken object level authorization (BOLA).$Basic$Description not available
103$Other$Other$Other$Server Information Disclosure$Basic$Description not available
104$Other$Other$Other$Request size limiting$Basic$Description not available
