﻿sep=$
TCS Internal

ASVS Type:$Mobile ASVS
ASVS Version:$Version 2.1.0

S.No$Verification$ASVS Section$Sub Section$Question / Test Case$Category(Basic/Standard/Advanced)$Question Description
1$Storage$MASVS-STORAGE$MASVS-STORAGE-1$The app securely stores sensitive data.$Basic$Validates that sensitive data from user input, backend services, system APIs, or other apps is stored securely using appropriate protections such as encryption, irrespective of whether it’s stored in private or shared/public directories.
2$Storage$MASVS-STORAGE$MASVS-STORAGE-2$The app prevents leakage of sensitive data.$Basic$Ensures sensitive data is not unintentionally exposed through logs, screenshots, backups, clipboard access, or other insecure system features.
3$Cryptography$MASVS-CRYPTO$MASVS-CRYPTO-1$The app employs current strong cryptography and uses it according to industry best practices.$Basic$Ensures the application utilizes robust, up-to-date cryptographic algorithms and adheres to industry best practices for implementation. This is crucial in mobile environments where physical access by attackers is a likely scenario, necessitating strong cryptographic measures to protect user data.
4$Cryptography$MASVS-CRYPTO$MASVS-CRYPTO-2$The app performs key management according to industry best practices.$Basic$Ensures that the application manages cryptographic keys securely throughout their lifecycle, including key generation, storage, and protection. Proper key management is crucial, as even strong cryptography can be compromised by poor key handling practices.
5$Authentication and Authorization$MASVS-AUTH$MASVS-AUTH-1$The app uses secure authentication and authorization protocols and follows the relevant best practices.$Basic$Verifies that the app correctly implements secure authentication and authorization protocols, adhering to industry best practices to protect user data. 
6$Authentication and Authorization$MASVS-AUTH$MASVS-AUTH-2$The app performs local authentication securely according to the platform best practices.$Basic$Verifies that the app implements local authentication mechanisms, such as MFA, or PIN codes, securely and in line with platform-specific best practices. This is especially crucial for apps that rely solely on local authentication without a remote backend.
7$Authentication and Authorization$MASVS-AUTH$MASVS-AUTH-3$The app secures sensitive operations with additional authentication.$Basic$Verifies that the app enforces authentication measures (e.g., biometrics, PIN) for sensitive operations, ensuring secure implementation in line with platform best practices. 
8$Network Communication$MASVS-NETWORK$MASVS-NETWORK-1$The app secures all network traffic according to the current best practices$Basic$Verifies that the app encrypts all network communications using secure protocols like TLS, ensuring data privacy and integrity during transit.
9$Network Communication$MASVS-NETWORK$MASVS-NETWORK-2$"The app performs identity pinning for all remote endpoints under the
developer’s control."$Standard$Confirms that the app implements certificate or public key pinning for all remote endpoints it controls, ensuring it only trusts specific, known certificates rather than the entire set of default root CAs.
10$Platform Interaction$MASVS-PLATFORM$MASVS-PLATFORM-1$The app uses IPC mechanisms securely.$Basic$Inter-Process Communication (IPC) mechanisms, provided by the platform, allow apps to securely expose data or functionality for interaction with other apps or users. This control ensures that all such interactions are conducted securely.
11$Platform Interaction$MASVS-PLATFORM$MASVS-PLATFORM-2$The app uses WebViews securely.$Basic$The description specifies secure WebView configuration to prevent data leakage and functionality exposure, which fits this test case.
12$Platform Interaction$MASVS-PLATFORM$MASVS-PLATFORM-3$The app uses the user interface securely.$Basic$Sometimes apps need to show sensitive stuff like passwords, credit card numbers, or OTP codes in the UI, especially in notifications. This check makes sure that info doesn’t accidentally leak—say, through auto-screenshots the platform might take—or get seen by someone else, like if someone peeks over your shoulder or you hand your phone to a friend
13$Code Quality$MASVS-CODE$MASVS-CODE-1$The app requires an up-to-date platform version.$Basic$Each new mobile OS update comes with security fixes and cool new safety features. If apps keep running on old versions, they’re sitting ducks for known threats. This check makes sure the app only works on the latest OS version, so users get the best protection available
14$Code Quality$MASVS-CODE$MASVS-CODE-2$The app has a mechanism for enforcing app updates.$Basic$Sometimes, after an app is already out there, we find serious bugs that could cause trouble. This check makes sure there’s a way to force users to update the app to the latest version before they can keep using it 
15$Code Quality$MASVS-CODE$MASVS-CODE-3$The app only uses software components without known vulnerabilities.$Basic$To ensure complete security, a full whitebox assessment of all app components should be performed. However, this is often not feasible for third-party components and is not typically part of a penetration test. This control addresses easily detectable issues, such as those found by scanning libraries for known vulnerabilities.
16$Code Quality$MASVS-CODE$MASVS-CODE-4$The app validates and sanitizes all untrusted inputs.$Standard$Apps get data from places like the UI, IPC, network, or file system. Shady actors might tamper with it, risking tricks like SQL injection or XSS. This check ensures all incoming data is treated as untrusted and cleaned before use.
17$Resilience Against Reverse Engineering and Tampering$MASVS-RESILIENCE$MASVS-RESILIENCE-1$The app validates the integrity of the platform.$Standard$Ensures the app checks whether the underlying OS has been tampered with to guarantee that platform-level security features (e.g., sandboxing, secure storage, biometrics) remain trustworthy.
18$Resilience Against Reverse Engineering and Tampering$MASVS-RESILIENCE$MASVS-RESILIENCE-2$The app implements anti-tampering mechanisms.$Standard$Ensures the app includes anti-tampering mechanisms to detect or prevent modifications, helping protect against unauthorized changes like cheats or backdoored versions.
19$Resilience Against Reverse Engineering and Tampering$MASVS-RESILIENCE$MASVS-RESILIENCE-3$The app implements anti-static analysis mechanisms.$Standard$The app uses anti-static analysis mechanisms, such as code obfuscation or string encryption, to make it difficult to understand its internals through static analysis, preventing tampering or reverse engineering. This is a moderate-level security control suitable for apps needing protection beyond basic measures.
20$Resilience Against Reverse Engineering and Tampering$MASVS-RESILIENCE$MASVS-RESILIENCE-4$The app implements anti-dynamic analysis techniques.$Advanced$The app uses advanced anti-dynamic analysis techniques, such as debugger detection, anti-instrumentation measures (e.g., blocking Frida), and runtime integrity checks, to prevent observation and manipulation during execution, protecting against runtime tampering and reverse engineering. This is a high-level security control for apps with significant risks. 
21$Privacy$MASVS-PRIVACY$MASVS-PRIVACY-1$The app minimizes access to sensitive data and resources.$Standard$The app practices data minimization by requesting only necessary data with informed user consent, restricts access to sensitive resources, ensures third-party SDKs respect consent, and manages the SDK supply chain to prevent unnecessary data sharing, aligning with SBOM requirements. This moderate-level control enhances privacy and reduces breach risks.
22$Privacy$MASVS-PRIVACY$MASVS-PRIVACY-2$The app prevents identification of the user.$Standard$The app prevents user identification by using unlinkability techniques like anonymization and pseudonymization, and establishes technical barriers to isolate fingerprint-like signals (e.g., device IDs, behavioral patterns), ensuring they are not repurposed (e.g., fraud detection data not used for analytics). This moderate-level control protects user privacy by reducing tracking risks.
23$Privacy$MASVS-PRIVACY$MASVS-PRIVACY-3$The app is transparent about data collection and usage.$Standard$The app ensures transparency by providing clear information on data collection, storage, and sharing practices, discloses unexpected behaviors like background data collection, and adheres to platform guidelines on data declarations (e.g., Apple’s privacy labels). This moderate-level control builds user trust through detailed and compliant data usage communication. 
24$Privacy$MASVS-PRIVACY$MASVS-PRIVACY-4$The app offers user control over their data.$Standard$The app empowers users by providing mechanisms to manage, delete, and modify their data, adjust privacy settings (e.g., revoke consent), and re-prompts for consent while updating transparency disclosures when data needs change. This moderate-level control ensures user control and compliance with privacy expectations.
25$Custom$MASVS-CUSTOM$MASVS-CUSTOM-1$The app server has only necessary ports open.$Basic$Unwanted open ports on a system or network can create significant security risks by providing potential entry points for malicious actors
26$Custom$MASVS-CUSTOM$MASVS-CUSTOM-2$The app detects, and responds to, being run in an emulator.$Basic$Applications can detect when they are running on an emulator and respond accordingly. This is often done to hinder reverse engineering and other forms of malicious activity
27$Custom$MASVS-CUSTOM$MASVS-CUSTOM-3$The app maintains the secure session management.$Standard$Secure session management in an application involves creating, maintaining, and terminating user sessions while ensuring the security of the data exchanged during those sessions
28$Custom$MASVS-CUSTOM$MASVS-CUSTOM-4$The app prevents bulk requests and provide rate limiting.$Standard$The application implements rate limiting to control the number of requests it receives, preventing abuse and ensuring fair resource allocation
29$Other$Other$Other$NA$Basic$Description not available
30$Other$Other$Other$NA$Basic$Description not available
31$Other$Other$Other$NA$Basic$Description not available
32$Other$Other$Other$NA$Basic$Description not available
33$Other$Other$Other$NA$Basic$Description not available
34$Other$Other$Other$NA$Basic$Description not available
35$Other$Other$Other$NA$Basic$Description not available
36$Other$Other$Other$NA$Basic$Description not available
37$Other$Other$Other$NA$Basic$Description not available
38$Other$Other$Other$Verify debug mode is disabled in production$Basic$Description not available
39$Other$Other$Other$NA$Basic$Description not available
40$Other$Other$Other$Verify that the App prevents use of  the encryption mode CBC with PKCS5/PKCS7 padding. $Basic$Description not available
41$Other$Other$Other$Verify that App can be installed on a non vulnerable Android version $Basic$Description not available
42$Other$Other$Other$Verify that Debug is not enabled For App $Basic$Description not available
43$Other$Other$Other$Verify if Application signed with proper certificate$Basic$Description not available
44$Other$Other$Other$Verify that Debug is not enabled For App $Basic$Description not available
45$Other$Other$Other$Verify that App can be installed on a non vulnerable Android version $Basic$Description not available
46$Other$Other$Other$Verify if Application signed with proper certificate$Basic$Description not available
47$Other$Other$Other$Verify that the App prevents use of  the encryption mode CBC with PKCS5/PKCS7 padding. $Basic$Description not available
48$Other$Other$Other$NA$Basic$Description not available
49$Other$Other$Other$NA$Basic$Description not available
50$Other$Other$Other$NA$Basic$Description not available
51$Other$Other$Other$NA$Basic$Description not available
52$Other$Other$Other$NA$Basic$Description not available
53$Other$Other$Other$Insecure Memory Management$Basic$Description not available
54$Other$Other$Other$Verify that Debug is not enabled For App $Basic$Description not available
55$Other$Other$Other$Verify if Application signed with proper certificate$Basic$Description not available
56$Other$Other$Other$Verify that App can be installed on a non vulnerable Android version $Basic$Description not available
57$Other$Other$Other$Verify that the App prevents use of  the encryption mode CBC with PKCS5/PKCS7 padding. $Basic$Description not available
58$Other$Other$Other$Proper validation on output generated by application$Basic$Description not available
59$Other$Other$Other$There is no server side validation is present on the input fields$Basic$Description not available
60$Other$Other$Other$There is no server-side validation is present on the ouput generated by the appication fields$Basic$Description not available
61$Other$Other$Other$Application is having functional issue.$Basic$Description not available
62$Other$Other$Other$Certificate algorithm vulnerable to hash collision$Basic$Description not available
63$Other$Other$Other$Certificate algorithm vulnerable to hash collision$Basic$Description not available
64$Other$Other$Other$Application is having functional issue.$Basic$Description not available
65$Other$Other$Other$Insecure Memory Management$Basic$Description not available
66$Other$Other$Other$Info $Basic$Description not available
67$Other$Other$Other$Information Disclosure via URL Exposure$Basic$Description not available
68$Other$Other$Other$The app is signed and provisioned with a valid certificate, of which the private key is properly protected$Basic$Description not available
69$Other$Other$Other$Insecure Memory Management$Basic$Description not available
70$Other$Other$Other$Verify that application response does not disclose any sensitive information$Basic$Description not available
71$Other$Other$Other$Info $Basic$Description not available
72$Other$Other$Other$Information Disclosure via URL Exposure$Basic$Description not available
73$Other$Other$Other$The app is signed and provisioned with a valid certificate, of which the private key is properly protected$Basic$Description not available
74$Other$Other$Other$test$Basic$Description not available
