﻿sep=$
TCS Internal

ASVS Type:$Thick Client Windows ASVS
ASVS Version:$1.0.0

S.No$Verification$ASVS Section$Sub Section$Question / Test Case$Category(Basic/Standard/Advanced)$Question Description
1$Client Side Controls$Section 1$1.1.1$Verify that the GUI functions that are blocked by the applications are not activable$Basic$Thick Client applications GUI generally made of Windows forms and WPF Windows Presentation Foundation,try to modify the controles of the functions using tools like Winspy, windows detective and snoop
2$Client Side Controls$Section 1$1.1.2$Verify if Applications GUI windows Objects can be modified$Basic$Thick Client applications GUI generally made of Windows forms and WPF Windows Presentation Foundation,try to modify the windows objects using tools like Winspy, windows detective and snoop
3$Client Side Controls$Section 1$1.1.3$Verify if application has hidden properties/text inside any GUI windows$Basic$Thick Client applications GUI generally made of Windows forms and WPFWindows Presentation Foundation,try to view the properties of windows  using tools like Winspy, windows detective and snoop
4$Client Side Controls$Section 1$1.2.1$Verify is Application exposes any sensitive information like usernames , passwords , API keys , cryptographic key , IP adresses and ports in the configurations files , log files , registries or any supprotive files.$Basic$Extract the application, go to the explorer and open the folder where the application is installed look at every file , serach for other folder where app is storing its files look at every file related to the application also check the registreies that are created by the application , tools can be used here are  process moniter , process hacker ,Regshot , process explorer,7zip
5$Client Side Controls$Section 1$1.2.2$Verify if application is vulenrable to DLL hijacking vulnerability$Advanced$Check if malicious DLL files can be loded by the application instead of legitimate dll files.
6$Client Side Controls$Section 1$1.2.3$Verify if application is vulenrable to exe hijacking vulenrability$Advanced$Check if application is loding any supportive exe while running using process moniter , try to add malicious exe instead of legitimate exe.
7$Client Side Controls$Section 1$1.2.4$Verify the Permission of applications files (only authorized users should have permission to view or modify the contents of sensitive files )$Basic$check if low privileged or unprivileged user can not view of modify the unintended information in application files
8$Client Side Controls$Section 1$1.2.5$Verify if applications binary is exposing sensitive data using strings program$Basic$with the tool strings.exe check all the strings of the binary and verify if any sensitive data is exposed.
9$Client Side Controls$Section 1$1.2.6$Verify the signature of the applications binary$Basic$with the tools like signcheck verify is application is digitally signed or not
10$Client Side Controls$Section 1$1.3.1$Verify if application can be decomplied and source code can be viewed$Standard$check if application can be decomplied using tools like dnspy ,Ilspy , jadx ..
11$Client Side Controls$Section 1$1.3.2$Verify code obfuscation of application binary after decomilation$Standard$Check if source code after decomiplation is in clear text
12$Client Side Controls$Section 1$1.3.3$Verify that the application is not exposing any sensitive data like hardcoded username and passowrds , database credentials , api keys , authentication token etc..$Standard$Check the application source code and analyse it carefully for any sensitive information.
13$Client Side Controls$Section 1$1.3.4$Verify if application binary has ASLR address space layout randomization  .$Standard$An application’s locations in memory are randomized at load time, preventing attacks such as return-to-libc that lead to code execution by overwriting specific addresses.this can be tested using tools like PESecurity
14$Client Side Controls$Section 1$1.3.5$Verify if application binary has SafeSEH$Standard$A list of safe exception handlers is stored within a binary, preventing an attacker from forcing the application to execute code during a call to a malicious exception. This can be tested using tool such PESecurity
15$Client Side Controls$Section 1$1.3.6$Verify if application binary has data execution prevention DEP$Standard$Areas of memory can be marked as non-executable, preventing an attacker from storing code for a buffer overflow attack in these regions.This can be tested using tool such PESecurity
16$Client Side Controls$Section 1$1.3.7$Verify that application uses Authenticode/strong naming$Standard$Assemblies can be protected by signing. If left unsigned, an attacker is able to modify and replace them with malicious content.This can be tested using tool such PESecurity
17$Client Side Controls$Section 1$1.3.8$Verify if application binary can be recompiled after modification of assemblies$Advanced$Check if application source code using tools like dnspy trys to modify the code to break the business logic and try to recompile the application
18$Client Side Controls$Section 1$1.3.9$Verify if application binary can be Reverse engineered Dynamic$Advanced$Check if application can be reverse engineered using tools like ghidra , ollydbg , try to modify runtime controls
19$Client Side Controls$Section 1$1.4.1$Verify is Sensitive information is stored in application memory$Standard$thick client application developed in a two-tier architecture will, by default, disclose sensitive information in the application’s memory check using tools such as winhex , volatility , process explorer
20$Client Side Controls$Section 1$1.4.2$Verify if applications memory can be manipulated$Advanced$Using tools like hex4d or winhex try to mondify runtime memory of thick client application to break the business logic
21$Client Side Controls$Section 1$1.5.1$Verify if application protects against Symlinks attacks$Advanced$Windows symlinks are symbiolic links that one excuatble can refer , check if application is creating any symlink then try to modify the value
22$Client Side Controls$Section 1$1.5.2$Verify if application ptotects against COM hijacking attacks$Advanced$Identifies Component Object Model (COM) hijacking via registry modification. Adversaries may establish persistence by executing malicious content triggered by hijacked references to COM objects.
23$Client Side Controls$Section 1$1.5.3$Verify if applications Binary is using Windows named pip identify if they are weak$Advanced$A tool like pipviewer can able to see the named pipe used in the application , or analyse it manually by reverse engineering the application binary
24$Network Security Controls$Section 2$2.1.1$Verify if applications protects against man in the middle attacks$Standard$Check using tools like wireshark and echo mirage if application comminucation can be intercepted within the network
25$Network Security Controls$Section 2$2.1.2$Verify if application uses secure comminucation protocols$Standard$Check using wireshark which protocols are the application using for comminucation check weather they are secure
26$Network Security Controls$Section 2$2.1.3$Verify if application protects against replay attacks$Advanced$Check if we can replay the request through the network to view or modify any data of the application
27$Network Security Controls$Section 2$2.1.4$Verify if application is exposing any sensitive data while comminucation on any protocol$Standard$Check the applications traffic using sniffer tools , check if it is leaking some sensitive information in any way
28$Network Security Controls$Section 2$2.2.1$Verify that the application's server IP has no unwanted ports open$Basic$Scan the application server IP address using Nmap for open ports
29$Server Side Controls$Section 3$3.1.1$Verify if applications server has proper authentication and authorization implemented$Advanced$Intercept the traffic , identify the API's try to break the logic of authentication and authorization
30$Server Side Controls$Section 3$3.1.2$Verify If applications server has protection against OWASP top 10 API vulenrabilities$Advanced$check if applications server api has protection against comman vulnerabilities
31$Server Side Controls$Section 3$3.2.1$Verify is applications API is vulenrable to SOAP array abuse attacks$Standard$Description not available
32$Server Side Controls$Section 3$3.2.2$Verify if applications API is vulenrable to XPATH injection attacks$Basic$Description not available
33$Server Side Controls$Section 3$3.2.3$Verify is application APIs has protection against XML Injection,XML Attribute Blow-up Attacks,XML External Entities Attacks,XML Entity Expansion Billion Laughs Attack,XML Entity Expansion Quadratic Blow-up Attacks$Advanced$Description not available
34$Server Side Controls$Section 3$3.2.4$Verify if application's server has protection against SQL injection attacks$Standard$Description not available
35$Server Side Controls$Section 3$3.2.5$Verify if application has proper access control implemented$Standard$Description not available
36$Server Side Controls$Section 3$3.2.6$Verify if application has insecure administrative interface$Basic$Description not available
37$Server Side Controls$Section 3$3.2.7$Verify if application is using components with known vunerabilities$Basic$Description not available
38$Server Side Controls$Section 3$3.2.8$Verify if application server has insecure SSL Configurations$Basic$Description not available
39$Server Side Controls$Section 3$3.2.9$Verify if application server has protection against command injection and SMTP injection$Standard$Description not available
40$Server Side Controls$Section 3$3.2.10$Verify If application has protection against automated attacks$Standard$Description not available
41$Server Side Controls$Section 3$3.3.1$Verify if application has protection against Buffer Overflow attacks$Advanced$Description not available
42$Server Side Controls$Section 3$3.3.2$Verify if application has protection against flood attacks$Advanced$Description not available
43$Server Side Controls$Section 3$3.4.1$Verify if application has proper session management implemented$Standard$Description not available
44$Server Side Controls$Section 3$3.4.2$Verify if application has proper password management implemnted$Basic$Description not available
45$Log Analysis$Section 4$4.1.1$Verify if application has protection against log forging$Standard$Check the permission of log files created by the application , try to modify them
46$Log Analysis$Section 4$4.1.2$Verify if any sensitive information is exposed in the application logs$Basic$Check the log file and analyse if any sensitive information is disclosed
